value,count
SEATTLE,293792
BELLEVUE,92337
REDMOND,66199
VANCOUVER,63378
BOTHELL,55751
KIRKLAND,52999
SAMMAMISH,51275
RENTON,47527
TACOMA,39018
OLYMPIA,38008
BELLINGHAM,30013
KENT,28552
SPOKANE,27589
ISSAQUAH,27497
LYNNWOOD,27166
EVERETT,27002
WOODINVILLE,23931
MERCER ISLAND,23283
AUBURN,20138
SNOHOMISH,20123
SHORELINE,19737
EDMONDS,19474
GIG HARBOR,18918
BAINBRIDGE ISLAND,17604
FEDERAL WAY,15224
CAMAS,14789
TUKWILA,14721
PUYALLUP,14102
MAPLE VALLEY,14048
BREMERTON,13234
LAKE STEVENS,13221
MARYSVILLE,12916
PORT ORCHARD,11344
KENMORE,10541
SEATAC,10175
BONNEY LAKE,9977
RICHLAND,9781
BURIEN,9622
KENNEWICK,9579
LACEY,9299
SNOQUALMIE,8793
NEWCASTLE,8688
RIDGEFIELD,8507
MUKILTEO,7744
LAKEWOOD,7734
MONROE,7537
POULSBO,7383
NORTH BEND,6967
YAKIMA,6935
SPOKANE VALLEY,6875
UNIVERSITY PLACE,6870
LAKE FOREST PARK,6773
MOUNT VERNON,6684
MILL CREEK,6677
ANACORTES,6565
VASHON,6445
PASCO,6346
PORT TOWNSEND,6225
DUVALL,6089
BATTLE GROUND,6053
SEQUIM,5976
SOUTH HILL,5959
ARLINGTON,5912
WASHOUGAL,5651
COVINGTON,5581
DES MOINES,5248
TUMWATER,5224
OAK HARBOR,4773
PORT ANGELES,4639
SPANAWAY,4594
CAMANO ISLAND,4571
MOUNTLAKE TERRACE,4462
WENATCHEE,4313
STANWOOD,4275
SHELTON,4180
FRIDAY HARBOR,4099
BLAINE,4072
SILVERDALE,3898
FERNDALE,3778
GRAHAM,3688
CARNATION,3564
WALLA WALLA,3521
LONGVIEW,3490
LAKE TAPPS,3426
ENUMCLAW,3402
MEDINA,3376
CLYDE HILL,3215
MOSES LAKE,3205
BLACK DIAMOND,3132
YELM,3092
EDGEWOOD,2881
KINGSTON,2872
CENTRALIA,2847
EAST WENATCHEE,2841
BRUSH PRAIRIE,2813
ELLENSBURG,2682
EASTSOUND,2681
NORMANDY PARK,2673
BUCKLEY,2538
LEAVENWORTH,2459
LANGLEY,2447
PULLMAN,2407
BRIER,2392
WEST RICHLAND,2340
CLINTON,2316
FALL CITY,2295
LYNDEN,2256
COUPEVILLE,2249
LIBERTY LAKE,2241
CHEHALIS,2197
FOX ISLAND,2106
BURLINGTON,2072
FIFE,2070
CLE ELUM,1937
FREELAND,1897
SEDRO-WOOLLEY,1872
WOODLAND,1867
LA CENTER,1853
DUPONT,1805
SUMNER,1804
ORTING,1789
SULTAN,1740
KELSO,1737
STEILACOOM,1672
CHENEY,1620
ABERDEEN,1597
PORT LUDLOW,1562
BELFAIR,1519
YARROW POINT,1478
FIRCREST,1437
GRANITE FALLS,1413
CHELAN,1410
ROY,1409
WHITE SALMON,1395
GREENACRES,1369
OCEAN SHORES,1347
LOPEZ ISLAND,1306
EATONVILLE,1297
ROCHESTER,1175
COLBERT,1171
NINE MILE FALLS,1125
JOINT BASE LEWIS MCCHORD,1124
KALAMA,1097
BOW,1058
OLALLA,1057
TENINO,1014
WOODWAY,1010
PARKLAND,1006
MILTON,1002
SELAH,972
LAKEBAY,944
LA CONNER,942
QUINCY,938
SEABECK,907
RAVENSDALE,896
EVERSON,891
MONTESANO,844
DEER PARK,805
GREENBANK,802
WINTHROP,796
ALLYN,795
BENTON CITY,794
CASTLE ROCK,788
MEAD,771
PACIFIC,771
HANSVILLE,732
CASHMERE,731
SUQUAMISH,711
EPHRATA,699
GOLD BAR,690
GRAPEVIEW,680
ELMA,667
HUNTS POINT,654
SUNNYSIDE,653
COLLEGE PLACE,643
WINLOCK,639
MANSON,637
PROSSER,623
INDIANOLA,615
RAINIER,614
HOQUIAM,607
CLARKSTON,606
YACOLT,578
MEDICAL LAKE,574
POINT ROBERTS,568
OTHELLO,544
SEDRO WOOLLEY,522
COLVILLE,521
STEVENSON,521
ORONDO,506
NORDLAND,505
VERADALE,488
PORT HADLOCK,473
BEAUX ARTS,470
HOODSPORT,464
OLGA,463
UNION,462
AIRWAY HEIGHTS,454
OTIS ORCHARDS,446
NEWPORT,436
QUILCENE,434
LUMMI ISLAND,432
LONG BEACH,419
ANDERSON ISLAND,415
TWISP,408
GRANDVIEW,396
CATHLAMET,395
NEWMAN LAKE,390
RONALD,383
CHATTAROY,378
MCCLEARY,371
RUSTON,368
TOLEDO,365
PRESTON,363
ALGONA,363
MAPLE FALLS,354
OCEAN PARK,351
DEMING,337
MOXEE,336
ZILLAH,335
GOLDENDALE,333
KETTLE FALLS,328
CHIMACUM,325
CUSTER,319
ONALASKA,304
CONCRETE,303
PORTLAND,300
RAYMOND,294
VAUGHN,287
TAHUYA,268
ELK,265
UNDERWOOD,264
SOAP LAKE,253
MOSSYROCK,252
SNOQUALMIE PASS,251
SILVERLAKE,249
MATTAWA,249
LYLE,248
AMBOY,245
NACHES,245
TROUT LAKE,243
BRINNON,238
OAKVILLE,237
SURFSIDE,236
WESTPORT,235
MALAGA,234
ENTIAT,232
PALOUSE,212
PACIFIC BEACH,206
VALLEYFORD,205
EASTON,204
COLFAX,203
CHEWELAH,202
OMAK,201
LONGBRANCH,200
TOPPENISH,199
ROYAL CITY,199
PESHASTIN,186
WAPATO,185
TONASKET,184
PACKWOOD,180
RITZVILLE,179
ROSLYN,177
SUMAS,177
CARSON,177
DAYTON,171
HUSUM,165
FORKS,163
SAN DIEGO,163
DAVENPORT,159
MAZAMA,159
SNOWDEN,155
MORTON,153
LOON LAKE,153
NASELLE,152
ARIEL,152
OROVILLE,147
COSMOPOLIS,145
BURBANK,144
ASHFORD,142
ROCK ISLAND,139
ILWACO,139
FAIRCHILD AIR FORCE BASE,139
BREWSTER,136
DARRINGTON,134
CONNELL,129
UNION GAP,129
SHAW ISLAND,124
REPUBLIC,119
COULEE CITY,115
WARDEN,112
KEYPORT,110
ASOTIN,109
GLACIER,106
NORTH BONNEVILLE,106
TULALIP,105
LAS VEGAS,105
SPANGLE,104
WAITSBURG,103
SILVER CREEK,100
DALLESPORT,100
LILLIWAUP,99
MINERAL,99
TIETON,99
ALEXANDRIA,95
NOOKSACK,95
CARBONADO,93
ORCAS IS,92
MESA,91
SEAVIEW,91
ACME,90
GRANGER,89
GRAND COULEE,87
VALLEY,87
OUTLOOK,85
OKANOGAN,85
SAN JOSE,84
COLORADO SPRINGS,84
TOUCHET,83
ROSALIA,82
CARLTON,81
GRAYLAND,78
MABTON,76
REARDAN,75
NEAH BAY,74
MICA,74
EVANS,74
VADER,72
ETHEL,71
THORP,70
WATERVILLE,70
VIRGINIA BEACH,69
BINGEN,67
SAN ANTONIO,65
MENLO,64
KITTITAS,64
SKYKOMISH,63
TOUTLE,63
CURLEW,62
RANDLE,60
SOUTH BEND,59
WILKESON,59
NAPAVINE,58
CURTIS,58
WASHINGTON,56
CINEBAR,54
RICE,54
NORTH COVE,54
SAGINAW,53
BZ CORNER,52
ELTOPIA,52
PATEROS,51
BEAVERTON,50
OYSTERVILLE,50
LOS ANGELES,50
RIVERSIDE,50
WILBUR,49
CLAYTON,49
TOKELAND,48
AUSTIN,47
CUSICK,47
CHULA VISTA,46
COULEE DAM,45
SEKIU,45
FORD,44
JACKSONVILLE,44
ADDY,44
SALEM,43
SAN FRANCISCO,43
SPRINGFIELD,42
ENDICOTT,41
BARING,40
PHOENIX,40
BEDFORD,40
COPALIS BEACH,40
EL PASO,40
CLEARLAKE,39
WALDRON,39
EDWALL,39
MOCLIPS,39
SKAMOKAWA,39
ELECTRIC CITY,38
TAHOLAH,38
ROCKFORD,38
OCEANSIDE,37
ODESSA,37
GARFIELD,37
AMANDA PARK,36
POMEROY,36
ORCAS,35
SALKUM,35
TEKOA,35
METHOW,35
GLENOMA,35
NEW YORK,35
SOUTH PRAIRIE,34
MANSFIELD,34
SCOTTSDALE,33
COWICHE,33
CHINOOK,33
PALISADES,32
KAPOWSIN,31
GLENWOOD,31
LIBERTYVILLE,31
COLTON,31
HOUSTON,31
CHESAPEAKE,30
SOUTH CLE ELUM,30
WARREN,30
NAHCOTTA,30
SPRINGDALE,30
MOUNTAIN VIEW,29
MANASSAS,29
FRANCES,28
LIND,28
BRIDGEPORT BAR,28
NORFOLK,27
BAY CENTER,27
BEND,27
OAKESDALE,27
CUPERTINO,27
HENDERSON,27
INDEX,27
FAIRFIELD,27
GRAYS RIVER,26
DEER MEADOWS,26
USK,26
UNIONTOWN,26
JUNEAU,25
CENTERVILLE,25
ORLANDO,25
MURDOCK,25
HARRINGTON,25
MARLIN,25
BUCODA,24
IRVINE,24
WELLPINIT,24
ANCHORAGE,23
ATLANTA,23
CHICAGO,23
TAMPA,23
LEANDER,23
SAN JUAN IS,22
PORTSMOUTH,22
HENRICO,22
HERNDON,22
MARBLEMOUNT,22
SEVEN BAYS,22
DENVER,22
BRIDGEPORT,22
APO,21
GAITHERSBURG,21
LOPEZ IS,21
SACRAMENTO,21
LINCOLN,21
HILLSBORO,20
PLANO,20
INCHELIUM,20
QUINAULT,20
NORMAL,20
FORT LEAVENWORTH,20
TEMPE,20
PE ELL,20
CHARLOTTESVILLE,20
SUNNYVALE,20
COPALIS CROSSING,19
LISLE,19
CORPUS CHRISTI,19
ELBE,19
OMAHA,19
COUGAR,19
SANTA CLARA,19
COLUMBUS,18
BOISE,18
PALO ALTO,18
WOODBRIDGE,18
FAYETTEVILLE,18
RENO,18
VIENNA,18
CHELAN FALLS,18
DANVILLE,18
PRESCOTT,18
BURKE,18
LEBAM,17
BEAVER,17
SPRAGUE,17
POUSLBO,17
ROSBURG,17
WISHRAM,17
UPPER MARLBORO,17
COEUR D ALENE,17
WALLA WALLA CO,17
MINNEAPOLIS,17
DECATUR,17
PORT GAMBLE,16
SUFFOLK,16
LAKE OSWEGO,16
FORT BRAGG,16
FREDERICK,16
FAIRFAX,16
CORONADO,16
ROOSEVELT,16
FORT GEORGE G MEADE,16
WRCH,16
IONE,16
ST JOHN,16
BROOKLYN,16
ALAMEDA,16
KLICKITAT,16
NORTH RICHLAND HILLS,16
HUNTERS,15
SAINT LOUIS,15
LONGMONT,15
HONOLULU,15
HARRAH,15
JOINT BASE MDL,15
GRESHAM,15
RYDERWOOD,15
DALLAS,15
FRISCO,15
CLALLAM BAY,15
TUCSON,15
WAHKIACUS,15
EUGENE,15
SALT LAKE CITY,15
POST FALLS,15
INDIO,15
ROCKPORT,15
MIDDLETOWN,14
WHITEFISH,14
FORT LAUDERDALE,14
SARASOTA,14
WILLAPA,14
LATAH,14
SPRING LAKE,14
BICKLETON,14
WALDORF,14
FORT IRWIN,14
OXNARD,14
LAKE FOREST,13
BURNABY,13
WEST LINN,13
PORT HUENEME,13
LEXINGTON PARK,13
SEASIDE,13
SILVER SPRING,13
HANFORD,13
BERKELEY,13
PITTSBURGH,13
PARKER,13
GIFFORD,13
HUNTINGTON BEACH,13
MCCHORD AFB,13
BUENA PARK,13
FORT BELVOIR,13
WHITE SWAN,12
O FALLON,12
DOTY,12
ANN ARBOR,12
CRESTVIEW,12
LEMOORE,12
ROSEVILLE,12
FPO,12
WAVERLY,12
PRINCETON,12
SMITH CREEK,12
CONCONULLY,12
MADISON,12
ARTONDALE,12
MALOTT,12
FREDERICKSBURG,12
MONTGOMERY,12
DEER HARBOR,12
LYMAN,11
NORTH LAS VEGAS,11
WESTMONT,11
CAMARILLO,11
SHREVEPORT,11
ANNAPOLIS,11
LAMONT,11
CHEYENNE,11
ALBION,11
CLEVELAND,11
SATSOP,11
PALM SPRINGS,11
ENGLEWOOD,11
INCORPORATED,11
SAINT PAUL,11
GAMBRILLS,11
FRUITLAND,11
MONTEREY,11
KAILUA KONA,11
ALBUQUERQUE,11
VACAVILLE,11
ALDIE,11
LAGUNA NIGUEL,11
CRESTON,10
ALBANY,10
NASHVILLE,10
OREGON CITY,10
PRATTVILLE,10
AMSTELVEEN,10
ALPHARETTA,10
CHANDLER,10
SAN MATEO,10
SAN LUIS OBISPO,10
IRVING,10
WEST PALM BEACH,10
BELLEVILLE,10
HIGHLAND PARK,10
PHILADELPHIA,10
DUBLIN,10
SOUTH JORDAN,10
KIHEI,10
PASC,10
CHARLOTTE,10
HARTLINE,10
FALLS CHURCH,10
TROUTDALE,10
CHESAPEAKE BEACH,10
FARMINGTON,9
LACROSSE,9
PENSACOLA,9
THOUSAND OAKS,9
KAILUA,9
GALES FERRY,9
ALMIRA,9
HANSCOM AFB,9
CINCINNATI,9
SPARKS,9
WALDPORT,9
WILLIAMSBURG,9
HARRISON,9
BALTIMORE,9
GLEN HEAD,9
BOSTON,9
GOODYEAR,9
CHARLESTON AFB,9
BETHESDA,9
AUGUSTA,9
MENIFEE,9
MALDEN,9
PITTSBURG,9
FREMONT,9
SOUTHWORTH,9
LITTLE ROCK,9
CAMPBELL,9
RALEIGH,9
HAMILTON,9
GREEN VALLEY,9
HIDDEN HILLS,9
STAFFORD,9
TRACY,9
LEVITTOWN,9
GREENFIELD CENTER,9
TUMTUM,9
COSTA MESA,9
MAITLAND,8
ELMER CITY,8
CARY,8
JERSEY CITY,8
LOS ALTOS,8
MONITOR,8
MANHATTAN,8
WAYNESVILLE,8
FORT WORTH,8
INDIANAPOLIS,8
SUWANEE,8
NEWARK,8
RAEFORD,8
LORTON,8
SAN MARCOS,8
WESTMINSTER,8
FORT WAYNE,8
SUMMERVILLE,8
LITTLETON,8
TORRANCE,8
DULUTH,8
STANHOPE,8
LANCASTER,8
PASADENA,8
LAFAYETTE,8
WINCHESTER,8
MERIDIAN,8
OKATIE,8
WILMINGTON,8
MAHWAH,8
PACIFICA,8
CHESTER,8
VANTAGE,8
CLACKAMAS,8
WASHTUCNA,8
GOSHEN,8
CALIFORNIA CITY,8
SEVERNA PARK,8
ALISO VIEJO,7
AURORA,7
CALGARY,7
BOWIE,7
WEST SACRAMENTO,7
ANATONE,7
NESPELEM,7
RICH,7
LAKEVIEW,7
DERBY,7
HOBART,7
NORWICH,7
YORKTOWN,7
JBSA FT SAM HOUSTON,7
MCKINNEY,7
ROSEBURG,7
FORT LEE,7
WARNER ROBINS,7
NAPLES,7
HUNTSVILLE,7
TWIN FALLS,7
FORT WASHINGTON,7
GILBERT,7
MOSCOW,7
KILLEEN,7
RESTON,7
LANSING,7
MEMPHIS,7
MELBOURNE,7
SAN CARLOS,7
EDGEWATER,7
GENEVA,7
CARROLLTON,7
DEARBORN,7
SILVER LAKE,7
RATHDRUM,7
MENLO PARK,7
WEST POINT,7
QUEEN CREEK,7
MARYHILL,7
LA PUSH,7
MEDFORD,7
HATTON,7
AMERICAN FORK,7
BELLE CHASSE,7
COLUMBIA,7
SOUTH LAKE TAHOE,7
ODENTON,7
AUBURN HILLS,7
SAN RAFAEL,7
HUGHESVILLE,6
NORTHPORT,6
TIMNATH,6
PLATTE CITY,6
SANTA ANA,6
MURRIETA,6
POTOMAC,6
APPLETON,6
HIGH PRAIRIE,6
WICHITA FALLS,6
PALM DESERT,6
TRABUCO CANYON,6
MOUNT PLEASANT,6
MILTON FREEWATER,6
SUMTER,6
BUENA,6
MILWAUKEE,6
PORT SAINT LUCIE,6
PATERSON,6
SURREY,6
OLD LYME,6
NORTH CONWAY,6
CORVALLIS,6
DAVIS,6
MISSOULA,6
SANTA CRUZ,6
ESCONDIDO,6
MAGNOLIA,6
GROTON,6
MONTCLAIR,6
SOMERVILLE,6
HANAPEPE,6
HAPPY VALLEY,6
WATERTOWN,6
SANFORD,6
FORT LEONARD WOOD,6
PLAYA VISTA,6
HOLDEN VILLAGE,6
VISTA,6
NEWPORT BEACH,6
IMPERIAL BEACH,6
GALVIN,6
ALDERDALE,6
FORT KNOX,6
BOCA RATON,6
CARDIFF BY THE SEA,6
CALIFORNIA,6
GROVER BEACH,6
CATHEDRAL CITY,6
PAWCATUCK,6
DPO,5
ARNOLD,5
KELLER,5
WILDOMAR,5
WALNUT CREEK,5
RICHMOND,5
BEAVERCREEK,5
CONWAY,5
MILPITAS,5
SANTA ROSA,5
DUMFRIES,5
KEEDYSVILLE,5
CARRBORO,5
OAKLAND,5
SPRING,5
SAN RAMON,5
MATLOCK,5
GARDINER,5
MCKENNA,5
GREAT LAKES,5
LAKE BLUFF,5
COLLIERVILLE,5
STRATFORD,5
CASTRO VALLEY,5
BENICIA,5
HANOVER,5
BRENTWOOD,5
WEXFORD,5
CUMMING,5
SKOKIE,5
VENTURA,5
BILOXI,5
FORT RUCKER,5
FOREST GROVE,5
VAN NUYS,5
BEALE AFB,5
SANDY,5
SARATOGA SPRINGS,5
PETALUMA,5
TUALATIN,5
KATY,5
PLYMOUTH,5
OLIVEHURST,5
KANSAS CITY,5
LA MESA,5
OKLAHOMA CITY,5
ASHEBORO,5
LEAGUE CITY,5
DRYDEN,5
THE VILLAGES,5
CAPE CORAL,5
BEVERLY,5
WYLIE,5
GREEN BAY,5
SAINT JACOB,5
RAMONA,5
SPRING BRANCH,5
NANTUCKET,5
TOANO,5
RICHFIELD,5
CLOVIS,5
DAMASCUS,5
LOUISVILLE,5
LITTLE ELM,5
BAYTOWN,5
BRISTOL,5
APACHE JUNCTION,5
NORRISTOWN,5
MOYOCK,5
ABINGDON,5
SNEADS FERRY,5
EPPING,5
RIDGECREST,5
EDWARDS,5
GERMANTOWN,5
WEST HENRIETTA,5
PACIFIC GROVE,5
CYPRESS,5
ROUND ROCK,5
PROVIDENCE,5
JUPITER,5
TOMAH,5
PROS,5
PROSPER,5
CARMEL,5
METALINE,5
CONVERSE,5
ORIENT,5
MARINA,5
BROWNSVILLE,5
KLAMATH FALLS,5
ELK GROVE,5
FULSHEAR,5
BENTONVILLE,5
FRANKFORD,5
PITTSBORO,5
CLATSKANIE,4
BRADENTON,4
LOMITA,4
STARKVILLE,4
ANAHEIM,4
HOMESTEAD,4
WICHITA,4
SUMMERSVILLE,4
HEALDSBURG,4
OAKTON,4
LAKE ELSINORE,4
LIVERMORE,4
CEDAR PARK,4
GLENDALE,4
FORT MOHAVE,4
BAY POINT,4
MIDDLEBURG,4
WINDSOR,4
HOLLOMAN AIR FORCE BASE,4
CARBONDALE,4
MULINO,4
SPRING GREEN,4
GAINESVILLE,4
RANCHO CUCAMONGA,4
REDWOOD,4
HUDSON,4
RIO RICO,4
TOOELE,4
MORENO VALLEY,4
LAKE OZARK,4
SEDONA,4
ORANGE PARK,4
DURANGO,4
WOLCOTT,4
BURR RIDGE,4
DERIDDER,4
LAS CRUCES,4
JERICHO,4
WESTFIELD,4
LADERA RANCH,4
RIO VERDE,4
CORAL GABLES,4
FINCASTLE,4
SAN ANGELO,4
WOODCLIFF LAKE,4
MARICOPA,4
KULA,4
GARDENA,4
BROSSARD,4
WEST VANCOUVER,4
GREAT FALLS,4
MC LEAN,4
REXBURG,4
SAINT MARYS,4
TEMECULA,4
DOVER,4
DIXIE,4
LOTHIAN,4
PAPILLION,4
APPLE VALLEY,4
PIKE ROAD,4
CULVER CITY,4
WARRENSBURG,4
PONTE VEDRA,4
WINDHAM,4
LEHIGH VALLEY,4
SIMI VALLEY,4
LITHIA,4
SOUTH COLBY,4
CARMEL BY THE SEA,4
NORTHFIELD,4
DOWNERS GROVE,4
EWA BEACH,4
ENID,4
KAPOLEI,4
FAIRBANKS,4
WILSONVILLE,4
BLOOMFIELD,4
MECHANICSBURG,4
STARTUP,4
CONYERS,4
NORTH MIAMI,4
DORCHESTER CENTER,4
REDWOOD CITY,4
SOUTHERN PINES,4
PEORIA,4
HANAHAN,4
EGG HARBOR TOWNSHIP,4
MARTHA LAKE,4
SOUTHLAKE,4
MILILANI,4
YUMA,4
GLADSTONE,4
CIBOLO,4
MILL VALLEY,4
GLENELG,4
VICTORIA,4
BREWER,4
OAKDALE,4
ARROYO GRANDE,4
SAINT PETERSBURG,4
OWASSO,4
THE DALLES,4
ERIE,4
ONAWA,4
BURLINGAME,4
STATELINE,4
FAIRVIEW,4
OWINGS,4
HOLLY SPRINGS,4
MARINA DEL REY,4
DESERT HOT SPRINGS,4
JOHNSTOWN,4
BARRINGTON,4
FALLON,3
INNISFIL,3
DEL RIO,3
BUNNLEVEL,3
NORWOOD,3
HERRERAS,3
GILROY,3
NORTHWESTERN LAKE,3
CARROLLS,3
ADAIRSVILLE,3
MANCHESTER TOWNSHIP,3
STREAMWOOD,3
POWHATAN,3
GREENSBORO,3
BALDWIN PARK,3
PHENIX CITY,3
REDDING,3
SANTEE,3
WILLISTON,3
FURLONG,3
NICEVILLE,3
APEX,3
DECATUR IS,3
ZIONSVILLE,3
ELMHURST,3
FULLERTON,3
ATOKA,3
DIAMONDHEAD,3
HERMISTON,3
STAR,3
ATLANTIC BEACH,3
LEMON GROVE,3
LINCOLN CITY,3
MOBILE,3
NAPERVILLE,3
GARDEN GROVE,3
POCATELLO,3
ROGERSVILLE,3
BANGOR BASE,3
ARCADIA,3
HARKER HEIGHTS,3
BROWNING,3
NEW ATHENS,3
MARIETTA,3
SONOMA,3
TERRE HAUTE,3
PAHRUMP,3
JBSA LACKLAND,3
NEW RIVER,3
INDIAN HEAD,3
CHATSWORTH,3
PACIFIC PALISADES,3
ADA,3
LOS GATOS,3
TULSA,3
BRISBANE,3
BALLWIN,3
GREENVILLE,3
LAGUNA HILLS,3
FORT CAVAZOS,3
CANBY,3
LEXINGTON,3
W VANCOUVER,3
MARTINEZ,3
FRESNO,3
SPARTANBURG,3
NORTH PALM BEACH,3
SURPRISE,3
CANTON,3
ROSAMOND,3
OCEAN SPRINGS,3
OGDENSBURG,3
LARKSPUR,3
DEDEDO,3
HELENDALE,3
BARBOURSVILLE,3
KOLOA,3
MILLINGTON,3
HEMET,3
KEKAHA,3
SITKA,3
WABAN,3
CLARKSVILLE,3
GREENWICH,3
LATHROP,3
ROCKVILLE,3
FORT WALTON BEACH,3
GUERNEVILLE,3
BELLA VISTA,3
SANDY SPRING,3
PALM HARBOR,3
SARATOGA,3
HAYMARKET,3
MUSKOGEE,3
LONG ISLAND CITY,3
BENGE,3
PLEASANT HILL,3
LAKE MORTON-BERRYDALE,3
NEWPORT NEWS,3
RAYVILLE,3
CALERA,3
EAGLE RIVER,3
ELLICOTT CITY,3
SHARON,3
SAUSALITO,3
WATERFORD,3
MCCUTCHEON FIELD,3
LUDOWICI,3
FORT COLLINS,3
CLERMONT,3
WEST CHICAGO,3
RAPID CITY,3
CHELMSFORD,3
LAUGHLIN,3
PUEBLO,3
BUFFALO GROVE,3
ABERDEEN PROVING GROUND,3
HAMPTON,3
AZUSA,3
LEESVILLE,3
CARTHAGE,3
KELSEYVILLE,3
STATEN ISLAND,3
DRIPPING SPRINGS,3
CROFTON,3
MORRISVILLE,3
MANHATTAN BEACH,3
NATIONAL CITY,3
MONUMENT,3
FORT RILEY,3
HAVRE DE GRACE,3
MYSTIC,3
RINEYVILLE,3
HIALEAH,3
EAST BRUNSWICK,3
SMITHS STATION,3
FORT HOOD,3
MONTROSE,3
WEST HILLS,3
EL CAJON,3
LAKESIDE,3
JBPHH,3
OXON HILL,3
GUNPOWDER,3
PARADISE VALLEY,3
ALHAMBRA,3
POWAY,3
BESSEMER,3
CORAL SPRINGS,3
NEW WESTMINSTER,3
RANCHO CORDOVA,3
BLYTHE,3
SAINT-HIPPOLYTE,3
INVER GROVE HEIGHTS,3
VILLANOVA,3
FLORENCE,3
CHATTANOOGA,3
PORT ORANGE,3
CARMEL VALLEY,3
SAN BRUNO,3
LIVERPOOL,2
MONROVIA,2
NEWTON,2
PERRY,2
LAVEEN,2
KAHLOTUS,2
NEMAH,2
LOMPOC,2
WINSTON SALEM,2
CROWN POINT,2
VICTORVILLE,2
COMPTON,2
NEW WINDSOR,2
SWITZERLAND,2
CHESTNUT HILL,2
TERRYTOWN,2
OTTAWA,2
LAGUNA BEACH,2
BELTON,2
NORTH CHARLESTON,2
ASHBURNHAM,2
STERLING,2
BELVEDERE TIBURON,2
NORMAN,2
GALIVANTS FERRY,2
POMPANO BEACH,2
MYRTLE BEACH,2
FAIRFAX STATION,2
PLACENTIA,2
WILSON CREEK,2
KISSIMMEE,2
TURLOCK,2
TUSTIN,2
BLUFFDALE,2
ATHERTON,2
EAST HAMPTON,2
WINTERVILLE,2
SOUTH SALT LAKE,2
LA VERNIA,2
DETROIT,2
GREENE,2
LUMBERTON,2
HYDE PARK,2
SPRINGVILLE,2
VASS,2
ARDENVOIR,2
EDWARDSVILLE,2
TOWNSEND,2
MIDWAY,2
CAMBRIDGE,2
ELIZABETHTOWN,2
CHANTILLY,2
SWEET HOME,2
CARLSBAD,2
WESTLAKE,2
YORBA LINDA,2
CANNON BEACH,2
SANDPOINT,2
ASHEVILLE,2
BELLE FOURCHE,2
OAK RIDGE,2
LAUREL,2
OCOEE,2
ALVORD,2
HUTTO,2
HAWTHORNE,2
HINESVILLE,2
ALDERWOOD MANOR,2
DOWNEY,2
KENN,2
LOCK HAVEN,2
SOMERSET,2
VILLE PLATTE,2
TORONTO,2
ABBOTSFORD,2
GOOSE CREEK,2
MORGAN HILL,2
HUNTINGTON STATION,2
KENSINGTON,2
SEVERN,2
UMATILLA,2
WILLARD,2
ANTHEM,2
CAMDEN,2
BERLIN,2
NAMPA,2
FEEDING HILLS,2
HAVERHILL,2
BNCO,2
SAN CLEMENTE,2
BROOMFIELD,2
HILL AFB,2
SAVANNAH,2
NEW LONDON,2
SAINT ROBERT,2
SHERWOOD,2
WAYNESBORO,2
HAYDEN,2
HOME,2
ADNA,2
BUCKEYE,2
NEPTUNE BEACH,2
MALO,2
GROVETOWN,2
GRAY,2
BARKSDALE AFB,2
SIERRA VISTA,2
SICKLERVILLE,2
HELENA,2
CHESNEE,2
BLOOMINGTON,2
HADDONFIELD,2
WEST DES MOINES,2
LAKE ZURICH,2
ALABASTER,2
WALTHAM,2
OAK PARK,2
DE QUEEN,2
SUNDERLAND,2
ANNANDALE,2
NOVATO,2
RANCHO MIRAGE,2
JUNCTION CITY,2
CALABASAS,2
DOTHAN,2
GREAT NECK,2
NEWINGTON,2
EL MONTE,2
FOUNTAIN HILLS,2
NORTH HOLLYWOOD,2
FALLBROOK,2
WOODLAND HILLS,2
ORANGE,2
FLORHAM PARK,2
ROANOKE,2
PARK CITY,2
ORWIGSBURG,2
PAIA,2
NEW MILFORD,2
RANCHO PALOS VERDES,2
PIKEVILLE,2
LAWTON,2
STAMFORD,2
WARWICK,2
FRANKLIN,2
DRAPER,2
BUMPASS,2
BILLINGS,2
EVANSTON,2
DRESHER,2
LEONARDTOWN,2
PRINCE GEORGE,2
WACO,2
CHESHIRE,2
NORTH VANCOUVER BC,2
LAURIER,2
KEY WEST,2
JAMAICA,2
SOUTH BOSTON,2
ASHBURN,2
PURMELA,2
BLYTHEWOOD,2
COOKEVILLE,2
MOORPARK,2
GREEN COVE SPRINGS,2
METALINE FALLS,2
TRAVIS AFB,2
LOS LUNAS,2
OGDEN,2
WESLACO,2
PINELLAS PARK,2
ORCHARDS,2
SKAGWAY,2
FEASTERVILLE TREVOSE,2
KOKOMO,2
ELLSWORTH AFB,2
CHINO HILLS,2
SUN VALLEY,2
SIDNEY,2
LEHI,2
BELL HILL,2
MIAMI,2
RANCHO SANTA MARGARITA,2
SANTA FE,2
PIEDMONT,2
NEWBURY PARK,2
TEMPLE,2
WOBURN,2
LA JOLLA,2
ROCKINGHAM,2
FELTS MILLS,2
HOMER,2
DEL MAR,2
LYTLE,2
VALPARAISO,2
PRAIRIE RIDGE,2
WOODSTOCK,2
GATESVILLE,2
DICKINSON,2
PORT HADLOCK-IRONDALE,2
PANAMA CITY,2
DAHLONEGA,2
EDEN PRAIRIE,2
TWENTYNINE PALMS,2
BRAMBLETON,2
TALLADEGA,2
GANSEVOORT,2
WESTON,2
WOODBINE,2
MELBA,2
SEELEY LAKE,2
WEST COLUMBIA,2
GREEN RIDGE,2
MENDHAM,2
CARSON CITY,2
MASCOUTAH,2
WILSON,2
LEWISTON,2
SAINT HELENS,2
POMONA,2
LUSBY,2
HUMPTULIPS,2
GARDEN CITY,2
LAREDO,2
FORT NOVOSEL,2
SAHUARITA,2
BOZEMAN,2
GREENWOOD VILLAGE,2
CARLISLE,2
BOULDER,2
CHUGIAK,2
HOLLYWOOD,2
CENTRE HALL,2
SPRING HILL,2
WASILLA,2
TEHACHAPI,2
VALLEJO,2
SAINT JOHNS,2
EVANS MILLS,2
FREEHOLD,2
SPARKS GLENCOE,2
KETCHIKAN,2
NEWTOWN,2
PEBBLE BEACH,2
WAKE FOREST,1
PLEASANT GROVE,1
FERNANDINA BEACH,1
SPRING VALLEY,1
CLEARWATER,1
EMERYVILLE,1
ASHLAND,1
MALIBU,1
MONTREAL,1
LANGLEY TOWNSHIP,1
COMOX,1
BUDA,1
SCOTT AIR FORCE BASE,1
LUMBER BRIDGE,1
BELGRADE,1
BRANFORD,1
ROCKWALL,1
STILLMAN VALLEY,1
ESTACADA,1
LAWRENCE,1
WAUNA,1
WEST VALLEY CITY,1
ARLINGTON HEIGHTS,1
HALLANDALE,1
BEAUFORT,1
PLAYA DEL REY,1
ROLLINGBAY,1
SAN ANSELMO,1
INMAN,1
ROCKVILLE CENTRE,1
LEAWOOD,1
VISALIA,1
KANEOHE,1
RIVERTON,1
FENTON,1
MORAGA,1
ATWATER,1
WEST BLOOMFIELD,1
BIGFORK,1
BLUFFTON,1
SUTHERLIN,1
URBANA,1
CLOVERDALE,1
SANTURCE,1
SANTA BARBARA,1
EDCOUCH,1
MANNING,1
SOUTH RANGE,1
LAKE HAVASU CITY,1
BRANDON,1
ROHNERT PARK,1
EAGLE CREEK,1
THAYNE,1
SAN JUAN CAPISTRANO,1
YERMO,1
MCALLEN,1
ROSWELL,1
LAKELAND,1
SELMA,1
BISHOP,1
EL DORADO HILLS,1
BALLSTON SPA,1
MIAMI BEACH,1
TULARE,1
LOGAN,1
NOLENSVILLE,1
MERRILLAN,1
HAGERSTOWN,1
INDEPENDENCE,1
PARK RIDGE,1
TUSCARORA,1
DEXTER,1
PALMDALE,1
NORWALK,1
CAMERON,1
FORT MITCHELL,1
CLAYMONT,1
KELLOGG,1
AUBREY,1
WADDELL,1
WAUKEGAN,1
ZION,1
LOWELL,1
GRANTS PASS,1
LAKE WALES,1
JEFFERSON,1
CRESWELL,1
BURLEY,1
SUSANVILLE,1
BOUNTIFUL,1
SHORT HILLS,1
ROSEMEAD,1
CEDAR CITY,1
PANACA,1
WEST OLIVE,1
BLAKELY ISLAND,1
SEGUIN,1
GRETNA,1
FOUNTAIN VALLEY,1
CANOGA PARK,1
AVALON,1
EASTHAMPTON,1
STOCKBRIDGE,1
OAKLEY,1
LAKEVILLE,1
BIRMINGHAM,1
WALBRIDGE,1
GENOA,1
HACIENDA HEIGHTS,1
CHICO,1
COMSTOCK PARK,1
SANDSTON,1
BROUSSARD,1
WAIKOLOA,1
WARRENTON,1
ALTUS,1
ELKHORN,1
ONTARIO,1
LAKE CITY,1
BRANCHBURG,1
KNOXVILLE,1
BARSTOW,1
ENCINITAS,1
EAST HAVEN,1
COLUMBIA CITY,1
PALM BEACH GARDENS,1
EUREKA,1
ELBERTON,1
VACOUVER,1
HOD HASHARON,1
SOUTH BEACH,1
WINNEMUCCA,1
HEPPNER,1
PICKERINGTON,1
NORTH VANCOUVER,1
MUSTANG,1
HAIKU,1
BAKER CITY,1
CHESTERFIELD,1
TIDEWATER,1
SLIDELL,1
EAGLE POINT,1
EWING,1
COTTAGE GROVE,1
WOODBURN,1
CAMP MURRAY,1
CORAOPOLIS,1
SANTA MONICA,1
COLLEGE STATION,1
RUSKIN,1
FONTANA,1
RICHMOND HILL,1
NAHANT,1
ITHACA,1
NORTH DARTMOUTH,1
BORING,1
BRASELTON,1
NORTH CHESTERFIELD,1
PORTERVILLE,1
WESLEY CHAPEL,1
FORT BENNING,1
CASCADE LOCKS,1
CONROE,1
FORT HUACHUCA,1
TENAFLY,1
FAIR OAKS,1
FAIRBORN,1
BEAVER DAM,1
NORTHRIDGE,1
LYONS,1
PINE RIVER,1
AVON,1
KENNESAW,1
GERVAIS,1
MONMOUTH,1
LYNWOOD,1
MIRAMAR,1
NAPA,1
PELHAM,1
HASLETT,1
FORT DRUM,1
NORTH LITTLE ROCK,1
TILLAMOOK,1
SOUTHAMPTON,1
SEWICKLEY,1
GRAND RONDE,1
WEATHERFORD,1
OWATONNA,1
BRIDGETON,1
STANFORD,1
IDAHO FALLS,1
APTOS,1
CALDWELL,1
CORONA,1
ROCKLEDGE,1
TAYLOR,1
HOLLISTER,1
LYNN,1
RIVERVIEW,1
EAGLE,1
LOS ALAMOS,1
ORCHARD LAKE,1
MASSENA,1
HOCKLEY,1
WELLESLEY HILLS,1
HOMEDALE,1
NORTHVILLE,1
WAXAHACHIE,1
PLEASANTON,1
OZARK,1
TAHOE CITY,1
LA CANADA FLINTRIDGE,1
WAIPAHU,1
HOPKINS,1
PANAMA CITY BEACH,1
PRINCETON JUNCTION,1
CHAMPAIGN,1
HOPEWELL,1
SOUTH PADRE ISLAND,1
PETERSBURG,1
SHAKOPEE,1
CITRUS HEIGHTS,1
STEVENSVILLE,1
COOS BAY,1
ORO VALLEY,1
COPPELL,1
VALRICO,1
MCMINNVILLE,1
WORCESTER,1
ELLENTON,1
ELMSFORD,1
HIGHLAND BEACH,1
HUGO,1
PEYTON,1
SAN PEDRO,1
APOLLO BEACH,1
AUKE BAY,1
STUDIO CITY,1
CORBETT,1
MADRAS,1
SIMPSONVILLE,1
HILLSBOROUGH,1
WEST SALEM,1
JACKSONVILLE BEACH,1
SILVERPEAK,1
JACKSON,1
MIDDLETON,1
LAYTON,1
SPOTSYLVANIA,1
ALFORD,1
HOOD RIVER,1
VERONA,1
BUFORD,1
GRAND JUNCTION,1
GRANDVILLE,1
JULIAN,1
JANESVILLE,1
ROCKLIN,1
MELISSA,1
YUKON,1
BELLEROSE,1
MYRTLE CREEK,1
GRAPEVINE,1
LA GRANDE,1
DIBERVILLE,1
SUPERIOR,1
HAYWARD,1
NEWBERG,1
FOLEY,1
NORTH PLAINS,1
SCIO,1
PATTERSON,1
WEST LAFAYETTE,1
PEARL CITY,1
FORT MOORE,1
HOLLAND,1
SCAPPOOSE,1
BEVERLY HILLS,1
BELMONT,1
BUFFALO,1
KALISPELL,1
WORTHINGTON,1
KINGMAN,1
BURNS,1
CENTENNIAL,1
BOERNE,1
SHERMAN OAKS,1
LITTLEROCK,1
AVONDALE,1
SALINAS,1
SCHERTZ,1
OREM,1
DES PLAINES,1
RESEDA,1
NEW ORLEANS,1
ELKRIDGE,1
MADIGAN HOSPITAL,1
SAINT CLOUD,1
CHAMBERSBURG,1
MONCKS CORNER,1
EDISON,1
SURREY BC,1
WINTER PARK,1
HARVEY,1
WILLIAMS,1
LUKE AIR FORCE BASE,1
